Time (Year/Month),"Economic Activity, Industrial Production, Index","Exchange Rates, National Currency Per U.S. Dollar, Period Average, Rate","International Reserves and Liquidity, Reserves, Official Reserve Assets, US Dollar","Prices, Consumer Price Index, All items, Index",Country
1959-12-01,32.5003052076715,4.2000000032,4811.47434116477,24.6169286782733,Germany
1960-01-01,31.1938811019131,4.2000000032,4724.15578531513,24.6169286782733,Germany
1960-02-01,31.0415985374382,4.2000000032,4806.36283037685,24.477068434352,Germany
1960-03-01,32.2037549505362,4.2000000032,4966.45601579936,24.477068434352,Germany
1960-04-01,34.2876216222981,4.2000000032,5236.12062415449,24.6169286782733,Germany
1960-05-01,33.7265805952853,4.2000000032,5417.0918471847,24.6868644511529,Germany
1960-06-01,34.3998298277007,4.2000000032,5843.76690714421,24.6868644511529,Germany
1960-07-01,32.3480226431966,4.2000000032,6124.72853785116,24.6868644511529,Germany
1960-08-01,31.1538067428407,4.2000000032,6358.68057623484,24.6868644511529,Germany
1960-09-01,34.6563057257637,4.2000000032,6643.27290237623,24.6169286782733,Germany
1960-10-01,35.8905959851919,4.2000000032,6878.94807071075,24.6868644511529,Germany
1960-11-01,37.2691539372805,4.2000000032,6909.71814983537,24.7568002240326,Germany
1960-12-01,36.0428785496668,4.2000000032,7053.73822895998,24.7568002240326,Germany
1961-01-01,33.4701046972222,4.2000000032,6987.74674401697,24.9666075426714,Germany
1961-02-01,34.8085882902386,4.2000000032,7057.50971296172,24.9666075426714,Germany
1961-03-01,36.2272206013996,4.000000003,7446.15251971461,24.9666075426714,Germany
1961-04-01,36.9726036801452,4.000000003,7111.59562260896,24.9666075426714,Germany
1961-05-01,36.1871462423272,4.000000003,7159.2182880248,25.1764148613103,Germany
1961-06-01,35.5539713689842,4.000000003,7299.59367954056,25.3162751052316,Germany
1961-07-01,33.9509970060904,4.000000003,7186.6474441504,25.3162751052316,Germany
1961-08-01,32.9491380292817,4.000000003,7108.42864956172,25.3162751052316,Germany
1961-09-01,36.6760534230098,4.000000003,7135.83328821364,25.3162751052316,Germany
1961-10-01,36.74818726934,4.000000003,6908.70033718235,25.3162751052316,Germany
1961-11-01,38.5755780430389,4.000000003,6791.2304719609,25.4561466509909,Germany
1961-12-01,37.6057785534882,4.000000003,7166.98749497453,25.4561466509909,Germany
1962-01-01,33.9509970060903,4.000000003,6460.48968439089,25.7358897425094,Germany
1962-02-01,35.8505216261195,4.000000003,6444.19648003649,25.805825515389,Germany
1962-03-01,35.9627298315221,4.000000003,6649.12011355997,25.8757499864307,Germany
1962-04-01,37.8622544515512,4.000000003,6552.62335507788,25.9456857593104,Germany
1962-05-01,37.8301949642933,4.000000003,6589.7055988364,25.9456857593104,Germany
1962-06-01,38.6076375302968,4.000000003,6831.71838532627,25.9456857593104,Germany
1962-07-01,34.9929303419713,4.000000003,6738.21117208988,26.01562153219,Germany
1962-08-01,34.4719636740309,4.000000003,6781.26495904488,25.8757499864307,Germany
1962-09-01,39.0564703519071,4.000000003,6999.95335507788,25.8757499864307,Germany
1962-10-01,38.575578043039,4.000000003,7048.54923838914,25.9456857593104,Germany
1962-11-01,41.0361436900809,4.000000003,6982.58054284655,26.01562153219,Germany
1962-12-01,39.5774370198476,4.000000003,6960.27092138115,26.1554930779492,Germany
1963-01-01,34.4719636740309,4.000000003,6791.48970243331,26.5051606405094,Germany
1963-02-01,35.4417631635816,4.000000003,6815.37465000169,26.7149679591483,Germany
1963-03-01,37.8301949642933,4.000000003,6967.06539676417,26.7149679591483,Germany
1963-04-01,38.9442621465045,4.000000003,6976.69987266575,26.7849037320279,Germany
1963-05-01,38.4633698376364,4.000000003,7219.19292179755,26.7149679591483,Germany
1963-06-01,41.1082775364112,4.000000003,7230.78727897371,26.5750964133891,Germany
1963-07-01,35.8905959851919,4.000000003,7294.70307497469,26.5750964133891,Germany
1963-08-01,35.8905959851919,4.000000003,7350.99524083847,26.5051606405094,Germany
1963-09-01,40.0262698414578,4.000000003,7429.25458865854,26.5750964133891,Germany
1963-10-01,40.7716529202035,4.000000003,7461.92722756051,26.7849037320279,Germany
1963-11-01,43.7131108761136,4.000000003,7616.06880821528,26.8548395049075,Germany
1963-12-01,40.3628944576655,4.000000003,7673.53212816122,27.0646355217085,Germany
1964-01-01,37.7500462461486,4.000000003,7590.80042479256,27.2045070674678,Germany
1964-02-01,39.9861954823855,4.000000003,7804.88882118874,27.2744428403474,Germany
1964-03-01,40.5151770221404,4.000000003,7783.76855341706,27.2744428403474,Germany
1964-04-01,41.9658688205593,4.000000003,7633.83982841057,27.2744428403474,Germany
1964-05-01,44.1298842104659,4.000000003,7577.90357722339,27.2744428403474,Germany
1964-06-01,42.0780770259619,4.000000003,7882.48037839136,27.2045070674678,Germany
1964-07-01,39.3209611217846,4.000000003,7765.88250418597,27.2744428403474,Germany
1964-08-01,38.166819580501,4.000000003,7739.10894387474,27.2744428403474,Germany
1964-09-01,42.7513262583772,4.000000003,7781.94490896996,27.2744428403474,Germany
1964-10-01,44.5707021602617,4.000000003,7712.07540037117,27.344378613227,Germany
1964-11-01,46.4782416521053,4.000000003,7596.73530774206,27.4842501589862,Germany
1964-12-01,43.4967093371229,4.000000003,7905.57437120243,27.6940461757872,Germany
1965-01-01,42.3345529240248,4.000000003,7501.14427457856,27.7639819486668,Germany
1965-02-01,43.0799360027704,4.000000003,7598.74956082433,27.7639819486668,Germany
1965-03-01,42.5990436939023,4.000000003,7764.98360075094,27.9038534944261,Germany
1965-04-01,45.4282934444098,4.000000003,7724.08946017828,27.9737892673057,Germany
1965-05-01,45.4683678034822,4.000000003,7550.78961439257,28.0437250401853,Germany
1965-06-01,45.1317431872745,4.000000003,7449.14080045314,28.2535210569863,Germany
1965-07-01,40.9960693310085,4.000000003,7348.16431515223,28.3234568298659,Germany
1965-08-01,39.6575857379922,4.000000003,7261.96881509101,28.3234568298659,Germany
1965-09-01,45.2038770336047,4.000000003,7353.73405753042,28.3234568298659,Germany
1965-10-01,46.285884728558,4.000000003,7401.56874532134,28.4633283756252,Germany
1965-11-01,48.1533498613292,4.000000003,7429.88965087735,28.6031999213844,Germany
1965-12-01,44.4985683139314,4.000000003,7424.0546326153,28.7430714671437,Germany
1966-01-01,42.5589693348299,4.000000003,7262.83218469539,28.882931711065,Germany
1966-02-01,43.9054677996607,4.000000003,7212.9288851109,28.9528674839446,Germany
1966-03-01,45.2038770336047,4.000000003,7154.14429214102,29.0228032568243,Germany
1966-04-01,47.4079667825836,4.000000003,7162.73408524697,29.2326105754631,Germany
1966-05-01,46.6225093447657,4.000000003,7177.08430480636,29.2326105754631,Germany
1966-06-01,46.7347175501682,4.000000003,7412.69775377137,29.2326105754631,Germany
1966-07-01,42.7112518993048,4.000000003,7670.00856377479,29.2326105754631,Germany
1966-08-01,39.3930949681147,4.000000003,7664.59288229198,29.1626748025835,Germany
1966-09-01,45.2840257517493,4.000000003,7685.17976842836,29.1626748025835,Germany
1966-10-01,46.5503754984354,4.000000003,7864.42177667235,29.2326105754631,Germany
1966-11-01,47.2556842181087,4.000000003,7909.07687816343,29.5123423651437,Germany
1966-12-01,43.9375272869186,4.000000003,8054.13897023534,29.5822781380233,Germany
1967-01-01,40.1785524059326,4.000000003,7789.90835068864,29.652213910903,Germany
1967-02-01,41.7013780506817,4.000000003,7974.80696764971,29.652213910903,Germany
1967-03-01,42.7112518993048,4.000000003,8048.99513089198,29.7221496837826,Germany
1967-04-01,44.202018056796,4.000000003,8008.32533428718,29.7221496837826,Germany
1967-05-01,44.0497354923211,4.000000003,7859.89291565743,29.7920854566622,Germany
1967-06-01,43.3444267726479,4.000000003,7809.31234034249,29.7920854566622,Germany
1967-07-01,41.5170359989489,4.000000003,7844.1277901435,29.7920854566622,Germany
1967-08-01,38.2790277859035,4.000000003,7895.5077224121,29.652213910903,Germany
1967-09-01,45.3160852390072,4.000000003,8012.6539039044,29.652213910903,Germany
1967-10-01,46.662583703838,4.000000003,8063.37690320748,29.7221496837826,Germany
1967-11-01,48.8586585810025,4.000000003,8218.52213477295,29.7920854566622,Germany
1967-12-01,49.2674170435404,4.000000003,8153.28714034222,29.7920854566622,Germany
1968-01-01,42.1902852313643,4.000000003,7908.19413689707,30.0718172463428,Germany
1968-02-01,44.5707021602616,4.000000003,8231.10497030848,30.1417530192224,Germany
1968-03-01,47.1114165254482,4.000000003,8559.86943330607,30.1417530192224,Germany
1968-04-01,48.7865247346722,4.000000003,8540.49297905579,30.1417530192224,Germany
1968-05-01,49.1952831972102,4.000000003,8431.02472196148,30.1417530192224,Germany
1968-06-01,52.7378565392054,4.000000003,8889.42314953009,30.1417530192224,Germany
1968-07-01,44.6107765193339,4.000000003,8835.62612360769,30.1417530192224,Germany
1968-08-01,45.620650367957,4.000000003,8957.48786140984,30.0718172463428,Germany
1968-09-01,51.7279826905823,4.000000003,9216.14680780777,30.0718172463428,Germany
1968-10-01,52.2890237175951,4.000000003,9073.58320385322,30.1417530192224,Germany
1968-11-01,57.618913474217,4.000000003,10893.8829270529,30.3515603378613,Germany
1968-12-01,54.2606821839545,4.000000003,9949.87757208165,30.4214961107409,Germany
1969-01-01,49.5639673006757,4.000000003,8577.02890496556,30.4914318836205,Germany
1969-02-01,52.5454996156581,4.000000003,8391.61290974456,30.6313034293798,Germany
1969-03-01,54.372890389357,4.000000003,8110.10652370857,30.7012279004215,Germany
1969-04-01,56.1281473167257,4.000000003,8818.49787589416,30.7012279004215,Germany
1969-05-01,57.4345714224842,4.000000003,11569.9399961193,30.7711636733011,Germany
1969-06-01,57.9154637313523,4.000000003,10087.1957021315,30.7711636733011,Germany
1969-07-01,50.7982575601039,4.000000003,10103.2519891329,30.7711636733011,Germany
1969-08-01,50.6139155083711,4.000000003,10701.2383883869,30.7012279004215,Germany
1969-09-01,56.4246975738611,4.000000003,12296.8558345615,30.7012279004215,Germany
1969-10-01,58.7009211691703,3.999999999,10691.554906366,30.7711636733011,Germany
1969-11-01,64.2151529775249,3.66000000266,8781.93504187102,30.8410994461807,Germany
1969-12-01,59.2218878371107,3.66000000266,7033.71780183307,31.0509067648196,Germany
1970-01-01,54.6774555183068,3.66000000266,7018.19587475877,31.4005743273798,Germany
1970-02-01,58.0437016803838,3.66000000266,7184.09878412972,31.4705101002594,Germany
1970-03-01,60.6405201482717,3.66000000266,7362.27280802484,31.6103816460187,Germany
1970-04-01,60.183672454847,3.66000000266,7521.38128438009,31.7502531917779,Germany
1970-05-01,65.4414283651386,3.66000000266,7851.03133611603,31.7502531917779,Germany
1970-06-01,60.7046391227875,3.66000000266,8847.78142451031,31.8201889646576,Germany
1970-07-01,54.8056934673384,3.66000000266,10011.508173211,31.8201889646576,Germany
1970-08-01,52.5294698720292,3.66000000266,10275.5049281498,31.8201889646576,Germany
1970-09-01,59.021516041749,3.66000000266,11332.2461244806,31.8201889646576,Germany
1970-10-01,61.2256057907279,3.66000000266,11917.2390651046,31.9600492085789,Germany
1970-11-01,64.0147811821631,3.66000000266,13594.8659187471,32.0999207543382,Germany
1970-12-01,60.183672454847,3.66000000266,13623.7192993405,32.309728072977,Germany
1971-01-01,58.372311424777,3.66000000266,14042.4429316543,32.6593956355372,Germany
1971-02-01,59.6707206587209,3.66000000266,14881.8642938929,32.9391387270557,Germany
1971-03-01,59.4703488633592,3.66000000266,15837.2892848515,33.079010272815,Germany
1971-04-01,62.9087288717664,3.66000000266,16765.6615371441,33.2888062896159,Germany
1971-05-01,63.0369668207979,3.548399999,19121.0405837237,33.3587420624956,Germany
1971-06-01,62.3236432293101,3.512999999,16883.5075208701,33.4986136082548,Germany
1971-07-01,55.9678498804363,3.481999999,17229.6641048848,33.638485154014,Germany
1971-08-01,51.3673134589311,3.416399999,17027.1140060051,33.638485154014,Germany
1971-09-01,60.1195534803311,3.361699999,17369.3324730964,33.7084209268937,Germany
1971-10-01,62.8446098972506,3.326099999,17572.2758650042,33.848281170815,Germany
1971-11-01,64.271257080226,3.331399999,17793.9625735854,33.9182169436946,Germany
1971-12-01,57.3944970634117,3.46972211739649,18725.4845851935,34.0580884894539,Germany
1972-01-01,57.2021401398645,3.231799999,19410.6702811346,34.4776918248937,Germany
1972-02-01,59.4062298888434,3.186399999,20196.9277157069,34.617563370653,Germany
1972-03-01,61.8748104076998,3.169999999,20237.4154371108,34.8273706892918,Germany
1972-04-01,65.3773093906227,3.177799999,20286.1528511849,34.9672309332132,Germany
1972-05-01,63.7502904122856,3.179499999,20349.1602967741,34.9672309332132,Germany
1972-06-01,63.0369668207979,3.171099999,23168.3781109297,35.1071024789724,Germany
1972-07-01,57.073902190833,3.160099999,25371.1360600057,35.3868455704909,Germany
1972-08-01,53.3149273098471,3.185799999,25138.4304726447,35.3868455704909,Germany
1972-09-01,62.5881339991876,3.192299999,24699.4316347962,35.7365131330511,Germany
1972-10-01,64.5357478501036,3.206699999,24435.3266503112,35.8763846788104,Germany
1972-11-01,68.81568939903,3.204099999,24108.8191368136,36.0861919974492,Germany
1972-12-01,67.2527893952085,3.198099999,23689.3433779343,36.2260522413706,Germany
1973-01-01,60.4481632247245,3.197299999,23637.8164041791,36.6456555768104,Germany
1973-02-01,66.2188709311421,3.010099999,29619.7606691765,36.8554628954493,Germany
1973-03-01,65.7620232377173,2.8269,32292.1230827726,37.1352059869678,Germany
1973-04-01,69.5290129905177,2.836799999,31958.0128932486,37.3450020037688,Germany
1973-05-01,67.6455181141175,2.792699999,31537.0907712247,37.6247450952873,Germany
1973-06-01,69.1362842716087,2.578499999,33059.7903067821,37.8345524139261,Germany
1973-07-01,57.5948688587735,2.334199999,35123.4094876496,37.9744239596854,Germany
1973-08-01,57.5948688587735,2.424199999,34087.213665763,37.9744239596854,Germany
1973-09-01,68.422960680121,2.423599999,36081.6054979297,37.9744239596854,Germany
1973-10-01,67.3890422160545,2.412599999,35799.4544101826,38.2541557493659,Germany
1973-11-01,71.8613406885281,2.579399999,34512.0392060542,38.7436948576854,Germany
1973-12-01,70.4988124800684,2.654899999,33385.3416019778,39.0933624202456,Germany
1974-01-01,61.4820816887909,2.810399999,32224.5007502427,39.3731055117641,Germany
1974-02-01,65.8261422122331,2.714099999,32294.4178195373,39.7227843761622,Germany
1974-03-01,66.7398375990825,2.621299999,33456.9613684062,39.792708847204,Germany
1974-04-01,68.5511986291525,2.523099999,34573.4056822754,40.0724519387224,Germany
1974-05-01,67.773756063149,2.458799999,34999.2326365484,40.2822592573613,Germany
1974-06-01,71.4686119696192,2.525799999,34738.788450494,40.4221308031206,Germany
1974-07-01,58.6929062973557,2.552599999,34371.3756169742,40.5619910470419,Germany
1974-08-01,55.3907791097946,2.616999999,33509.027428057,40.6319268199215,Germany
1974-09-01,64.9204616971981,2.661599999,32932.9145271499,40.7018625928011,Germany
1974-10-01,64.9204616971981,2.594099999,32519.0716660011,40.9816056843196,Germany
1974-11-01,69.3927601696717,2.516199999,33323.4633909704,41.2613374740002,Germany
1974-12-01,63.1732196416439,2.457999999,33169.0908468823,41.3312732468799,Germany
1975-01-01,56.681173471924,2.3649,33954.2139165095,41.7508765823197,Germany
1975-02-01,60.4481632247244,2.329299999,35015.684487981,41.9606839009586,Germany
1975-03-01,64.1430191311946,2.3165,35228.3890725336,42.1704912195974,Germany
1975-04-01,61.0332488671807,2.3747,34388.1064961964,42.5201587821576,Germany
1975-05-01,63.8865432331316,2.348599999,34067.4861023307,42.7299661007965,Germany
1975-06-01,62.1954052802786,2.340499999,33503.9162540753,43.0796336633567,Germany
1975-07-01,52.0165180759031,2.4663,32279.9211096616,43.0796336633567,Germany
1975-08-01,52.9221985909381,2.576099999,32005.5663597795,43.0096978904771,Germany
1975-09-01,60.7687580973032,2.615899999,31599.7660065035,43.219505209116,Germany
1975-10-01,62.7804909227349,2.5815,32307.8120356578,43.2894409819956,Germany
1975-11-01,68.9439273480614,2.585399999,31824.4343583994,43.4293125277548,Germany
1975-12-01,64.2071381057103,2.623799999,31554.5776931019,43.5691727716762,Germany
1976-01-01,59.8630775822682,2.603199999,31608.7976893899,43.9188516360743,Germany
1976-02-01,64.9845806717138,2.559499999,32427.6563564334,44.1985834257549,Germany
1976-03-01,63.9506622076473,2.560099999,35550.0969026602,44.3384549715141,Germany
1976-04-01,67.6455181141175,2.536299999,35234.9512085104,44.548262290153,Germany
1976-05-01,67.4531611905703,2.560899999,34313.0573946426,44.6181980630326,Germany
1976-06-01,68.679436578184,2.5763,34045.6005863446,44.6881225340744,Germany
1976-07-01,57.0097832163173,2.574299999,33774.7879782726,44.6181980630326,Germany
1976-08-01,56.4888165483768,2.527699999,35099.8444575697,44.758058306954,Germany
1976-09-01,66.6035847782365,2.492099999,36016.5928092713,44.8279940798336,Germany
1976-10-01,68.8798083735457,2.429499999,36891.53640025,44.8979298527132,Germany
1976-11-01,71.7331027394966,2.410999999,35719.8858906159,45.0378013984725,Germany
1976-12-01,65.8902611867488,2.385099999,35944.7741055297,45.1776729442317,Germany
1977-01-01,63.3655765651911,2.390399999,35465.5729180387,45.6672120525512,Germany
1977-02-01,66.8039565735982,2.404199999,35623.0982903033,45.87701937119,Germany
1977-03-01,67.5172801650859,2.391299999,35754.5384967743,45.9469438422318,Germany
1977-04-01,70.4988124800684,2.372899999,35715.8850302261,46.1567511608706,Germany
1977-05-01,68.1023658075422,2.358299999,35960.1345745178,46.2966227066299,Germany
1977-06-01,69.4568791441874,2.354299999,35452.5153096227,46.5064187234308,Germany
1977-07-01,58.1078206548995,2.283999999,36400.0383002968,46.4364829505512,Germany
1977-08-01,57.0097832163172,2.315299999,36173.7367510621,46.4364829505512,Germany
1977-09-01,67.5813991396017,2.323699999,35809.8201891697,46.5064187234308,Germany
1977-10-01,69.4568791441874,2.277699999,37039.1433063416,46.5064187234308,Germany
1977-11-01,72.5746642800158,2.241499999,38249.3786522709,46.5763544963105,Germany
1977-12-01,69.0080463225772,2.1526,41392.1597134695,46.7162260420697,Germany
1978-01-01,63.8865432331316,2.118399999,42347.1448445151,47.0659049064678,Germany
1978-02-01,62.1873904084641,2.075499999,43692.9719547232,47.2057651503892,Germany
1978-03-01,66.0024693921514,2.034099999,44068.4652539943,47.3456366961484,Germany
1978-04-01,64.3754504138142,2.040399999,43042.9922619095,47.5554440147873,Germany
1978-05-01,63.2453534879741,2.105999999,41672.6652901703,47.6253797876669,Germany
1978-06-01,64.303316567484,2.084099999,42359.554634458,47.7652400315882,Germany
1978-07-01,61.1294273289543,2.053899999,42758.0769832473,47.6953042587086,Germany
1978-08-01,59.7829288641235,1.996199999,44864.1208250658,47.6253797876669,Germany
1978-09-01,69.0401058098351,1.970799999,46594.8623255243,47.5554440147873,Germany
1978-10-01,71.6529540213519,1.8438,52053.0314050645,47.6253797876669,Germany
1978-11-01,70.0980688893449,1.898,54347.8424501191,47.7652400315882,Germany
1978-12-01,68.7595852963286,1.882299999,57817.5802547578,47.9051115773475,Germany
1979-01-01,64.8002386199809,1.847299999,55912.0261447746,48.394650685667,Germany
1979-02-01,64.5197181064745,1.856199999,53936.2575110519,48.5345222314262,Germany
1979-03-01,70.8113924808326,1.8603,56185.9497411338,48.8142653229447,Germany
1979-04-01,68.2626632438315,1.893799999,55139.1233613987,49.0240613397457,Germany
1979-05-01,68.1905293975013,1.907599999,52425.4480298832,49.1639328855049,Germany
1979-06-01,68.7595852963285,1.882799999,54558.6545660585,49.4436646751855,Germany
1979-07-01,65.8582016994908,1.823899999,56255.5577624907,49.723407766704,Germany
1979-08-01,62.2595242547943,1.8291,54931.7309240977,49.7933435395836,Germany
1979-09-01,70.4587381209959,1.795499999,60209.5355141341,50.0031508582225,Germany
1979-10-01,74.7627242853657,1.788899999,60043.2553374979,50.0730866311021,Germany
1979-11-01,73.7768950521861,1.774999999,57176.6811395999,50.3528184207827,Germany
1979-12-01,71.5167012005059,1.734199999,60455.8595987849,50.4926899665419,Germany
1980-01-01,68.4790647828221,1.723599999,59544.2096185029,50.7724330580604,Germany
1980-02-01,68.6874514499983,1.747199999,56843.9552336608,51.4018324103012,Germany
1980-03-01,73.7047612058559,1.849399999,53350.7757812453,51.6116397289401,Germany
1980-04-01,69.6812955549925,1.872799999,56061.3823250921,51.8913715186207,Germany
1980-05-01,67.9821427303251,1.7917,56035.3806961762,52.1711146101392,Germany
1980-06-01,67.7016222168187,1.767099999,57533.2737316848,52.3109861558984,Germany
1980-07-01,65.3692945188082,1.747099999,58834.2079319201,52.3809219287781,Germany
1980-08-01,61.1294273289542,1.790099999,58822.212654635,52.4508577016577,Germany
1980-09-01,69.1122396561652,1.789499999,57012.7520343475,52.4508577016577,Germany
1980-10-01,73.4242406923495,1.8407,54912.8279380012,52.5207934745373,Germany
1980-11-01,71.1640468406692,1.920099999,55719.787077688,52.8704610370975,Germany
1980-12-01,67.485220677828,1.972699999,55580.193178349,53.2900643725374,Germany
1981-01-01,64.2391975929681,2.007599999,55613.7266666311,53.7796147826947,Germany
1981-02-01,66.3551237519879,2.143599999,53824.8303691128,54.1992181181345,Germany
1981-03-01,71.8693555603425,2.108699999,56614.5177539865,54.6188214535744,Germany
1981-04-01,67.5573545241583,2.160199999,55790.8544811288,54.8985645450929,Germany
1981-05-01,66.2829899056577,2.291499999,56030.6651542216,55.1782963347735,Germany
1981-06-01,65.9303355458211,2.375799999,54373.60885621,55.3881036534123,Germany
1981-07-01,64.1670637466379,2.439899999,52956.2960635344,55.7377712159725,Germany
1981-08-01,59.8550627104537,2.500999999,51573.8523690992,55.8776427617318,Germany
1981-09-01,70.1702027356751,2.357299999,53049.3802070461,56.1573858532503,Germany
1981-10-01,73.9211627448466,2.252199999,50319.0914067378,56.4371176429309,Germany
1981-11-01,71.1640468406692,2.224499999,50850.367026912,56.7168607344494,Germany
1981-12-01,67.3489678569821,2.2577,49790.2983002691,56.8567209783707,Germany
1982-01-01,63.9506622076473,2.292,47535.805500679,57.3462600866902,Germany
1982-02-01,64.7281047736508,2.366499999,46835.9530991027,57.4162071614077,Germany
1982-03-01,72.013623253003,2.379099999,46847.4552467561,57.4162071614077,Germany
1982-04-01,67.6294883704885,2.396599999,47808.288048949,57.6260031782087,Germany
1982-05-01,65.8582016994909,2.307699999,48338.1431848372,58.0456065136485,Germany
1982-06-01,65.2250268261478,2.429799999,47368.40313601,58.6750284695651,Germany
1982-07-01,59.9271965567839,2.463799999,46570.5846140847,58.7449529406068,Germany
1982-08-01,57.5948688587735,2.478099999,46047.6979277583,58.6750284695651,Germany
1982-09-01,66.7799119581548,2.501799999,45931.1528347472,58.8848244863661,Germany
1982-10-01,68.8317191426588,2.529999999,47259.0784506021,59.1645675778845,Germany
1982-11-01,66.6356442654943,2.555199999,48953.3433887362,59.3044278218059,Germany
1982-12-01,63.3896211806345,2.418499999,50522.1450888483,59.4442993675652,Germany
1983-01-01,61.4820816887909,2.388399999,51755.8418742107,59.7240424590836,Germany
1983-02-01,62.0431227158037,2.426699999,53547.5358312059,59.7240424590836,Germany
1983-03-01,69.4648940160019,2.408199999,55499.2525278258,59.7240424590836,Germany
1983-04-01,65.2971606724781,2.438699999,51105.722322742,59.8639140048429,Germany
1983-05-01,64.1670637466379,2.468199999,50374.3172451886,60.0037742487642,Germany
1983-06-01,66.7077781118246,2.5475,49287.5810322741,60.2135815674031,Germany
1983-07-01,60.3519847629507,2.587599999,49466.2439567121,60.423388886042,Germany
1983-08-01,58.3001775784467,2.672999999,47893.3909156853,60.6331849028429,Germany
1983-09-01,68.903852988989,2.668099999,48442.0916384693,60.7730564486022,Germany
1983-10-01,71.5888350468361,2.601699999,49711.9678503135,60.7730564486022,Germany
1983-11-01,71.091912994339,2.683299999,49293.5497535682,60.9129279943614,Germany
1983-12-01,68.406930936492,2.747699999,47700.2872828338,61.0527882382828,Germany
1984-01-01,65.2250268261479,2.806399999,47094.7942725929,61.2625955569216,Germany
1984-02-01,66.9963134971455,2.704999999,50393.5800985069,61.4724028755605,Germany
1984-03-01,71.2361806869995,2.596099999,51636.3779839523,61.5423386484401,Germany
1984-04-01,66.5715252909786,2.641099999,51257.6316347832,61.6122744213198,Germany
1984-05-01,66.7077781118246,2.750399999,49887.8007454188,61.6821988923615,Germany
1984-06-01,59.9271965567839,2.737,49146.1197747432,61.8920062110003,Germany
1984-07-01,64.663985799135,2.847099999,48302.9372036647,61.8220704381207,Germany
1984-08-01,60.7767729691176,2.8871,48419.8615856556,61.6821988923615,Germany
1984-09-01,70.3866042746658,3.0225,45397.0711573159,61.7521346652411,Germany
1984-10-01,75.6123006976996,3.0685,45579.0179954591,62.1018135296392,Germany
1984-11-01,73.4242406923496,2.9886,45074.7766843148,62.1717493025188,Germany
1984-12-01,70.098068889345,3.1015,44489.330749977,62.2416737735606,Germany
1985-01-01,67.4130868314979,3.1677,43515.2317283737,62.5913526379587,Germany
1985-02-01,67.9821427303252,3.2921,42160.4466299749,62.8710957294772,Germany
1985-03-01,74.4822037718595,3.3092,41586.9569752073,63.0808917462781,Germany
1985-04-01,70.0339499148292,3.083,42325.9486531018,63.1508275191578,Germany
1985-05-01,69.3927601696717,3.1139,43260.4679541409,63.1508275191578,Germany
1985-06-01,69.961816068499,3.063099999,43943.8115689382,63.1508275191578,Germany
1985-07-01,68.7595852963287,2.9168,45974.8128985278,63.1508275191578,Germany
1985-08-01,62.7564463072915,2.79,46910.0824935568,62.9410202005189,Germany
1985-09-01,73.1437201788432,2.8401,47908.7720260829,63.0109559733985,Germany
1985-10-01,79.0025914752199,2.6444,46237.8367451867,63.0808917462781,Germany
1985-11-01,77.0309330088606,2.592799999,49819.2319489042,63.1508275191578,Germany
1985-12-01,70.5949909418421,2.5145,49941.9453531708,63.2207632920374,Germany
1986-01-01,69.2565073488258,2.4438,50837.7777201703,63.4305593088383,Germany
1986-02-01,70.3866042746659,2.3314,52879.0091107796,63.3606348377966,Germany
1986-03-01,75.3317801841932,2.2638,51391.9104953207,63.1508275191578,Germany
1986-04-01,74.0574155656927,2.274499999,51890.7257841767,63.1508275191578,Germany
1986-05-01,69.8175483758386,2.228199999,49154.4259258018,63.1508275191578,Germany
1986-06-01,72.0777422275188,2.236499999,50858.589418421,63.1508275191578,Germany
1986-07-01,70.1702027356753,2.1532,51884.5672511209,62.9410202005189,Germany
1986-08-01,63.9506622076474,2.0636,53410.9336224585,62.7312241837179,Germany
1986-09-01,74.4100699255293,2.0401,55748.3076482485,62.8011599565975,Germany
1986-10-01,79.1468591678805,2.0047,59466.1961247481,62.5913526379587,Germany
1986-11-01,76.1092227501967,2.0264,58521.123426202,62.521416865079,Germany
1986-12-01,71.4445673541758,1.9916,58787.8215584113,62.5913526379587,Germany
1987-01-01,67.6294883704886,1.8581,69839.3760994274,62.9410202005189,Germany
1987-02-01,70.3866042746659,1.8265,69917.861123695,63.0109559733985,Germany
1987-03-01,76.1092227501967,1.8339,68020.7723773524,63.0109559733985,Germany
1987-04-01,72.9273186398526,1.811,69668.2479161231,63.1508275191578,Germany
1987-05-01,71.7972217140124,1.7863,70922.0622409134,63.1508275191578,Germany
1987-06-01,71.5888350468363,1.8184,69771.5180304123,63.2207632920374,Germany
1987-07-01,68.4069309364921,1.847,68277.6859335928,63.2207632920374,Germany
1987-08-01,64.9445063126415,1.8581,69364.291309828,63.1508275191578,Germany
1987-09-01,74.9069919780264,1.8129,70996.0980029156,63.0808917462781,Germany
1987-10-01,79.9964355802141,1.8021,74568.1893299747,63.1508275191578,Germany
1987-11-01,77.8083755748641,1.6812,84675.8725163738,63.1508275191578,Germany
1987-12-01,72.9994524861827,1.6332,87412.6509248766,63.2207632920374,Germany
1988-01-01,69.6812955549926,1.6517,84552.2310504158,63.500495081718,Germany
1988-02-01,72.2941437665094,1.6976,81428.6754642833,63.6403666274772,Germany
1988-03-01,79.0747253215501,1.678,81194.705137202,63.6403666274772,Germany
1988-04-01,73.7768950521862,1.6733,81937.114157957,63.7802381732365,Germany
1988-05-01,72.7910658190065,1.6934,79187.1946877074,63.9201097189957,Germany
1988-06-01,75.4039140305233,1.7557,72312.8696421078,63.9900341900374,Germany
1988-07-01,69.4648940160019,1.844,68637.0375263125,63.9900341900374,Germany
1988-08-01,69.2565073488257,1.8874,66341.4183866612,63.9201097189957,Germany
1988-09-01,78.6499371153832,1.8669,65277.5626735394,63.9900341900374,Germany
1988-10-01,82.5371499454006,1.8215,67768.7221400509,64.059981264755,Germany
1988-11-01,80.9822648133936,1.7497,69548.803245032,64.2697772815559,Germany
1988-12-01,76.8866653162001,1.7555,66217.2786189938,64.4096488273152,Germany
1989-01-01,74.1295494120228,1.8304,62282.520139188,64.9691237085142,Germany
1989-02-01,74.7627242853658,1.8521,63127.1408774379,65.1789310271531,Germany
1989-03-01,81.9039750720576,1.8653,62203.5672777943,65.2488668000327,Germany
1989-04-01,79.7800340412233,1.8704,63627.8443127155,65.6684701354726,Germany
1989-05-01,73.9852817193623,1.9503,62246.0999899185,65.7384059083522,Germany
1989-06-01,79.8521678875535,1.9809,62791.9112636095,65.8083416812318,Germany
1989-07-01,74.69860531085,1.8941,64246.3166314571,65.7384059083522,Germany
1989-08-01,71.6529540213519,1.926,63868.9093723527,65.7384059083522,Germany
1989-09-01,81.9761089183878,1.9526,65039.4711131061,65.8083416812318,Germany
1989-10-01,87.2739391877518,1.8665,66984.0196065239,66.0181376980328,Germany
1989-11-01,84.7332248225651,1.8305,67299.9465814313,66.158009243792,Germany
1989-12-01,80.4212237863809,1.7414,68770.8746178595,66.3678165624309,Germany
1990-01-01,78.3694166018768,1.6918,68950.3667233367,66.7174841249911,Germany
1990-02-01,78.5858181408675,1.676,69982.7949030696,66.9972272165096,Germany
1990-03-01,87.1296714950913,1.7045,69567.6986922397,66.9972272165096,Germany
1990-04-01,79.7800340412234,1.6882,69701.9849596987,67.137087460431,Germany
1990-05-01,81.2708001987146,1.6617,70727.7233721584,67.2769590061902,Germany
1990-06-01,81.7597073793972,1.684,71640.0798160129,67.3468947790698,Germany
1990-07-01,78.7942048080437,1.6399,71072.396009484,67.3468947790698,Germany
1990-08-01,75.9649550575362,1.5707,72425.7385732047,67.5567020977087,Germany
1990-09-01,86.4964966217483,1.5697,73197.5736206214,67.7665094163475,Germany
1990-10-01,92.643903303446,1.5233,75011.9268302281,68.256048524667,Germany
1990-11-01,89.4619991931018,1.487,76166.0747088573,68.1161769789078,Germany
1990-12-01,83.8115145639013,1.492,77064.2076742664,68.1861127517874,Germany
1959-12-01,,,21504.5,13.4828059828805,USA
1960-01-01,,,21478.1,13.436946098585,USA
1960-02-01,,,21395.7,13.4828059828805,USA
1960-03-01,,,21344.7,13.4828059828805,USA
1960-04-01,,,21278.0,13.528665867176,USA
1960-05-01,,,21234.3,13.528665867176,USA
1960-06-01,,,21169.8,13.5745257514715,USA
1960-07-01,,,20999.4,13.5745257514715,USA
1960-08-01,,,20803.4,13.5745257514715,USA
1960-09-01,,,20430.0,13.5745257514715,USA
1960-10-01,,,20068.2,13.6662455200625,USA
1960-11-01,,,19558.2,13.6662455200625,USA
1960-12-01,,,19358.8,13.6662455200625,USA
1961-01-01,,,19056.2,13.6662455200625,USA
1961-02-01,,,18978.0,13.6662455200625,USA
1961-03-01,,,18988.2,13.6662455200625,USA
1961-04-01,,,19165.1,13.6662455200625,USA
1961-05-01,,,19196.9,13.6662455200625,USA
1961-06-01,,,19307.9,13.6662455200625,USA
1961-07-01,,,19234.6,13.7579652886536,USA
1961-08-01,,,19641.5,13.7121054043581,USA
1961-09-01,,,19520.9,13.7579652886536,USA
1961-10-01,,,19171.9,13.7579652886536,USA
1961-11-01,,,18827.9,13.7579652886536,USA
1961-12-01,,,18752.9,13.7579652886536,USA
1962-01-01,,,18649.8,13.7579652886536,USA
1962-02-01,,,18512.0,13.8038251729491,USA
1962-03-01,,,18328.7,13.8038251729491,USA
1962-04-01,,,18192.4,13.8496850572446,USA
1962-05-01,,,18124.5,13.8496850572446,USA
1962-06-01,,,18490.3,13.8496850572446,USA
1962-07-01,,,17784.5,13.8955449415401,USA
1962-08-01,,,17638.6,13.8955449415401,USA
1962-09-01,,,17610.3,13.9414048258356,USA
1962-10-01,,,17435.7,13.9414048258356,USA
1962-11-01,,,17286.2,13.9414048258356,USA
1962-12-01,,,17220.4,13.9414048258356,USA
1963-01-01,,,17177.9,13.9414048258356,USA
1963-02-01,,,17114.3,13.9414048258356,USA
1963-03-01,,,17188.5,13.9872647101311,USA
1963-04-01,,,17139.9,13.9872647101311,USA
1963-05-01,,,17113.6,13.9872647101311,USA
1963-06-01,,,17064.7,14.0331245944266,USA
1963-07-01,,,16815.1,14.0789844787222,USA
1963-08-01,,,16773.9,14.0789844787222,USA
1963-09-01,,,16838.0,14.0789844787222,USA
1963-10-01,,,16947.8,14.1248443630177,USA
1963-11-01,,,16817.1,14.1248443630177,USA
1963-12-01,,,16843.0,14.1707042473132,USA
1964-01-01,,,16880.9,14.1707042473132,USA
1964-02-01,,,16770.5,14.1707042473132,USA
1964-03-01,,,16894.0,14.1707042473132,USA
1964-04-01,,,16898.9,14.1707042473132,USA
1964-05-01,,,16855.5,14.1707042473132,USA
1964-06-01,,,16591.2,14.2165641316087,USA
1964-07-01,,,16628.6,14.2624240159042,USA
1964-08-01,,,16690.4,14.2165641316087,USA
1964-09-01,,,16521.0,14.2624240159042,USA
1964-10-01,,,16385.5,14.2624240159042,USA
1964-11-01,,,17015.2,14.3082839001997,USA
1964-12-01,,,16672.4,14.3082839001997,USA
1965-01-01,,,16342.9,14.3082839001997,USA
1965-02-01,,,15994.9,14.3082839001997,USA
1965-03-01,,,15828.9,14.3541437844952,USA
1965-04-01,,,15592.3,14.4000036687907,USA
1965-05-01,,,15420.0,14.4000036687907,USA
1965-06-01,,,15761.8,14.4917234373818,USA
1965-07-01,,,15565.6,14.4917234373818,USA
1965-08-01,,,15850.4,14.4917234373818,USA
1965-09-01,,,15721.2,14.4917234373818,USA
1965-10-01,,,15639.4,14.5375833216773,USA
1965-11-01,,,15547.9,14.5375833216773,USA
1965-12-01,,,15450.0,14.5834432059728,USA
1966-01-01,,,15224.5,14.5834432059728,USA
1966-02-01,,,14961.8,14.6751629745638,USA
1966-03-01,,,15025.9,14.7210228588593,USA
1966-04-01,,,14913.9,14.8127426274503,USA
1966-05-01,,,14904.5,14.8127426274503,USA
1966-06-01,,,14957.8,14.8586025117459,USA
1966-07-01,,,15148.2,14.9044623960414,USA
1966-08-01,,,15014.6,14.9961821646324,USA
1966-09-01,,,14876.0,14.9961821646324,USA
1966-10-01,,,14879.6,15.0879019332234,USA
1966-11-01,,,14715.1,15.0879019332234,USA
1966-12-01,,,14881.7,15.0879019332234,USA
1967-01-01,,,14195.8,15.0879019332234,USA
1967-02-01,,,13997.5,15.0879019332234,USA
1967-03-01,,,13854.6,15.1337618175189,USA
1967-04-01,,,13905.7,15.1796217018144,USA
1967-05-01,,,13942.5,15.22548158611,USA
1967-06-01,,,14274.3,15.2713414704055,USA
1967-07-01,,,14223.6,15.317201354701,USA
1967-08-01,,,14604.8,15.3630612389965,USA
1967-09-01,,,14648.6,15.408921123292,USA
1967-10-01,,,14926.7,15.4547810075875,USA
1967-11-01,,,15437.6,15.500640891883,USA
1967-12-01,,,14830.2,15.5465007761785,USA
1968-01-01,,,14620.0,15.6382205447696,USA
1968-02-01,,,14789.8,15.6840804290651,USA
1968-03-01,,,13926.5,15.7299403133606,USA
1968-04-01,,,13839.7,15.7758001976561,USA
1968-05-01,,,14348.3,15.8216600819516,USA
1968-06-01,,,14062.6,15.9133798505426,USA
1968-07-01,,,14365.8,16.0050996191337,USA
1968-08-01,,,14427.0,16.0509595034292,USA
1968-09-01,,,14633.9,16.0968193877247,USA
1968-10-01,,,14427.5,16.1885391563157,USA
1968-11-01,,,15659.7,16.2343990406112,USA
1968-12-01,,,15709.9,16.2802589249067,USA
1969-01-01,,,15454.0,16.3261188092022,USA
1969-02-01,,,15499.4,16.4178385777933,USA
1969-03-01,,,15758.4,16.5554182306798,USA
1969-04-01,,,15947.6,16.6471379992708,USA
1969-05-01,,,16069.9,16.6929978835663,USA
1969-06-01,,,16057.1,16.7847176521574,USA
1969-07-01,,,15935.8,16.8764374207484,USA
1969-08-01,,,16195.1,16.9681571893394,USA
1969-09-01,,,16743.2,17.0140170736349,USA
1969-10-01,,,16315.8,17.105736842226,USA
1969-11-01,,,16000.3,17.197456610817,USA
1969-12-01,,,16963.6,17.289176379408,USA
1970-01-01,,,17396.53,17.3350362637035,USA
1970-02-01,,,17669.63,17.4267560322945,USA
1970-03-01,,,17350.63,17.5184758008856,USA
1970-04-01,,,16918.71,17.6560554537721,USA
1970-05-01,,,16164.89,17.7019153380676,USA
1970-06-01,,,16328.29,17.7936351066586,USA
1970-07-01,,,16065.39,17.8853548752497,USA
1970-08-01,,,15795.79,17.8853548752497,USA
1970-09-01,,,15527.69,17.9770746438407,USA
1970-10-01,,,15119.89,18.0687944124317,USA
1970-11-01,,,14890.29,18.1605141810227,USA
1970-12-01,,,14486.89,18.2522339496137,USA
1971-01-01,,,14698.99,18.2522339496137,USA
1971-02-01,,,14533.79,18.2980938339093,USA
1971-03-01,,,14341.59,18.3439537182048,USA
1971-04-01,,,14307.13,18.3898136025003,USA
1971-05-01,,,13810.51,18.4815333710913,USA
1971-06-01,,,13503.91,18.6191130239778,USA
1971-07-01,,,13282.51,18.6649729082733,USA
1971-08-01,,,12127.81,18.7108327925689,USA
1971-09-01,,,12130.21,18.7108327925689,USA
1971-10-01,,,12145.9,18.7566926768644,USA
1971-11-01,,,12130.3,18.7566926768644,USA
1971-12-01,,,12314.5652264574,18.8484124454554,USA
1972-01-01,,,13084.0302943402,18.8484124454554,USA
1972-02-01,,,12534.8188508733,18.9401322140464,USA
1972-03-01,,,12475.161720429,18.9859920983419,USA
1972-04-01,,,12472.705664602,19.0318519826374,USA
1972-05-01,,,13344.5165326372,19.077711866933,USA
1972-06-01,,,13338.5965500153,19.1235717512285,USA
1972-07-01,,,13089.5908500044,19.2152915198195,USA
1972-08-01,,,13123.150863038,19.261151404115,USA
1972-09-01,,,13216.7965934605,19.3070112884105,USA
1972-10-01,,,13312.465178233,19.3987310570015,USA
1972-11-01,,,13306.3509064832,19.4445909412971,USA
1972-12-01,,,13150.3223521224,19.4904508255926,USA
1973-01-01,,,13053.3395064615,19.5363107098881,USA
1973-02-01,,,13195.6212711269,19.6738903627746,USA
1973-03-01,,,13201.4117289419,19.8573298999567,USA
1973-04-01,,,13172.7851531187,19.9949095528432,USA
1973-05-01,,,13184.8867274044,20.1324892057297,USA
1973-06-01,,,13183.1597233707,20.2700688586163,USA
1973-07-01,,,13187.8644703454,20.3159287429118,USA
1973-08-01,,,13193.4136590849,20.6828078172759,USA
1973-09-01,,,13197.9977715218,20.7286677015714,USA
1973-10-01,,,14367.4612494209,20.9121072387534,USA
1973-11-01,,,14372.7691690847,21.04968689164,USA
1973-12-01,,,14377.9564542107,21.1872665445265,USA
1974-01-01,,,14565.3941164779,21.3707060817086,USA
1974-02-01,,,14643.1558030317,21.6458653874816,USA
1974-03-01,,,14588.2573773174,21.9210246932547,USA
1974-04-01,,,14642.0241908209,22.0127444618457,USA
1974-05-01,,,14869.4807927516,22.2879037676188,USA
1974-06-01,,,14946.2171460284,22.4713433048008,USA
1974-07-01,,,14911.9068463669,22.6547828419829,USA
1974-08-01,,,15460.1359010438,22.929942147756,USA
1974-09-01,,,15893.1802699469,23.205101453529,USA
1974-10-01,,,15889.6951457309,23.4344008750066,USA
1974-11-01,,,15839.2019939946,23.6178404121886,USA
1974-12-01,,,15883.8475491293,23.8012799493707,USA
1975-01-01,,,15948.0125553613,23.8929997179617,USA
1975-02-01,,,16132.2953258836,24.0764392551438,USA
1975-03-01,,,16255.8009837789,24.1681590237348,USA
1975-04-01,,,16182.6316473342,24.2598787923258,USA
1975-05-01,,,16279.8525817364,24.3974584452123,USA
1975-06-01,,,16241.4712775831,24.5808979823944,USA
1975-07-01,,,16083.5558149488,24.8560572881675,USA
1975-08-01,,,16116.6849755356,24.901917172463,USA
1975-09-01,,,16291.6928018601,25.0394968253495,USA
1975-10-01,,,16567.6899488405,25.177076478236,USA
1975-11-01,,,16591.9447334418,25.3605160154181,USA
1975-12-01,,,16225.896589341,25.4522357840091,USA
1976-01-01,,,16622.4583865389,25.4980956683046,USA
1976-02-01,,,16661.4878566279,25.5898154368956,USA
1976-03-01,,,16941.1636137084,25.6356753211912,USA
1976-04-01,,,17436.869839021,25.7273950897822,USA
1976-05-01,,,17955.3301562899,25.9108346269642,USA
1976-06-01,,,18476.495244305,26.0484142798508,USA
1976-07-01,,,18245.4015825201,26.1859939327373,USA
1976-08-01,,,18586.282936481,26.3235735856238,USA
1976-09-01,,,18945.8841135667,26.4152933542149,USA
1976-10-01,,,19013.03351695,26.5528730071014,USA
1976-11-01,,,19416.1743206533,26.5987328913969,USA
1976-12-01,,,18747.0016461166,26.6904526599879,USA
1977-01-01,,,19087.4088879564,26.8280323128745,USA
1977-02-01,,,19121.9675473989,27.1031916186475,USA
1977-03-01,,,19120.6483408891,27.2866311558296,USA
1977-04-01,,,18867.7039702285,27.5159305773071,USA
1977-05-01,,,19194.3326140315,27.6535102301937,USA
1977-06-01,,,19155.7337476895,27.8369497673757,USA
1977-07-01,,,18926.9870054636,27.9745294202623,USA
1977-08-01,,,19055.5470939414,28.0662491888533,USA
1977-09-01,,,18988.4721127064,28.1579689574443,USA
1977-10-01,,,19047.451168635,28.2496887260353,USA
1977-11-01,,,19155.0418776846,28.3872683789219,USA
1977-12-01,,,19311.4983328974,28.4789881475129,USA
1978-01-01,,,19454.8305720373,28.662427684695,USA
1978-02-01,,,19372.9803452409,28.845867221877,USA
1978-03-01,,,19191.3244384177,29.0751666433546,USA
1978-04-01,,,18842.7243833469,29.3044660648321,USA
1978-05-01,,,18965.237123957,29.5796253706052,USA
1978-06-01,,,18863.9501302419,29.9006445606738,USA
1978-07-01,,,18832.0902399238,30.1299439821513,USA
1978-08-01,,,18782.5947478467,30.2675236350379,USA
1978-09-01,,,18849.9313440378,30.4968230565154,USA
1978-10-01,,,18934.6843409769,30.7719823622885,USA
1978-11-01,,,17967.4706551914,30.909562015175,USA
1978-12-01,,,18650.3049878909,31.0471416680616,USA
1979-01-01,,,20468.7711339788,31.3223009738346,USA
1979-02-01,,,20291.4528861563,31.6891800481987,USA
1979-03-01,,,21657.9193470524,32.0101992382673,USA
1979-04-01,,,21402.9589478695,32.3770783126314,USA
1979-05-01,,,22298.9198216109,32.789817271291,USA
1979-06-01,,,21267.6540448184,33.1566963456551,USA
1979-07-01,,,20044.3007216382,33.5235754200192,USA
1979-08-01,,,20045.5821519623,33.8445946100878,USA
1979-09-01,,,18557.2973552852,34.2114736844519,USA
1979-10-01,,,18016.0106125323,34.486632990225,USA
1979-11-01,,,19284.8149169743,34.8076521802936,USA
1979-12-01,,,18956.0257327357,35.1745312546576,USA
1980-01-01,,,20989.3241255244,35.6789899819083,USA
1980-02-01,,,20886.581492989,36.1834487091589,USA
1980-03-01,,,21491.0579111444,36.733767320705,USA
1980-04-01,,,21644.9078200193,37.1465062793647,USA
1980-05-01,,,21917.5578757659,37.5133853537288,USA
1980-06-01,,,21942.9779029322,37.9261243123884,USA
1980-07-01,,,21844.600636646,37.9261243123884,USA
1980-08-01,,,22691.4259369102,38.2012836181614,USA
1980-09-01,,,22994.402033851,38.52230280823,USA
1980-10-01,,,23966.3889154758,38.8891818825941,USA
1980-11-01,,,25673.0258480913,39.2102010726627,USA
1980-12-01,,,26755.9672033543,39.5770801470268,USA
1981-01-01,,,28315.8056068365,39.8980993370954,USA
1981-02-01,,,29681.7917926563,40.310838295755,USA
1981-03-01,,,30409.4466975767,40.585997601528,USA
1981-04-01,,,29692.7792780801,40.8611569073011,USA
1981-05-01,,,29395.2225948609,41.1821760973697,USA
1981-06-01,,,29582.1524981615,41.5490551717338,USA
1981-07-01,,,28866.9208434738,42.0076540146889,USA
1981-08-01,,,29265.1391057044,42.3286732047575,USA
1981-09-01,,,29715.202935334,42.7414121634171,USA
1981-10-01,,,30247.8667042926,42.8331319320081,USA
1981-11-01,,,31001.3755037161,42.9707115848947,USA
1981-12-01,,,30074.509985741,43.1082912377812,USA
1982-01-01,,,30097.3622697571,43.2458708906677,USA
1982-02-01,,,30060.7644913621,43.3834505435543,USA
1982-03-01,,,29943.506689306,43.3375906592588,USA
1982-04-01,,,31555.8563169416,43.5210301964408,USA
1982-05-01,,,30914.3570263257,43.9337691551004,USA
1982-06-01,,,30671.3684785357,44.4840877666466,USA
1982-07-01,,,31226.7276897789,44.7133871881241,USA
1982-08-01,,,31232.4459871691,44.8051069567152,USA
1982-09-01,,,30992.6181517303,44.8968267253062,USA
1982-10-01,,,31711.4815637779,45.0344063781927,USA
1982-11-01,,,34005.8039490396,44.9426866096017,USA
1982-12-01,,,33957.3547622223,44.7592470724196,USA
1983-01-01,,,33935.3265683445,44.8509668410107,USA
1983-02-01,,,34232.1853488656,44.8968267253062,USA
1983-03-01,,,34260.6003263201,44.8968267253062,USA
1983-04-01,,,34172.8093458036,45.2178459153748,USA
1983-05-01,,,33930.6005633887,45.4930052211478,USA
1983-06-01,,,33876.6583138092,45.6305848740344,USA
1983-07-01,,,33372.3789876178,45.8140244112164,USA
1983-08-01,,,32623.8593072589,45.9516040641029,USA
1983-09-01,,,33066.3932225353,46.1809034855805,USA
1983-10-01,,,33273.0341248199,46.318483138467,USA
1983-11-01,,,33654.8219650135,46.4102029070581,USA
1983-12-01,,,33747.779423481,46.4560627913536,USA
1984-01-01,,,33887.7878312698,46.7312220971266,USA
1984-02-01,,,34818.178119991,46.9605215186042,USA
1984-03-01,,,34974.7398310542,47.0522412871952,USA
1984-04-01,,,34584.6858815536,47.2815407086728,USA
1984-05-01,,,34712.8076200769,47.4191203615593,USA
1984-06-01,,,34547.5278376456,47.5567000144459,USA
1984-07-01,,,34391.3537011703,47.7401395516279,USA
1984-08-01,,,34760.1544467489,47.92357908881,USA
1984-09-01,,,34306.8361638361,48.1528785102875,USA
1984-10-01,,,34570.0563441761,48.2904581631741,USA
1984-11-01,,,34727.4220940471,48.2904581631741,USA
1984-12-01,,,34933.7798813768,48.2904581631741,USA
1985-01-01,,,34379.673638195,48.3821779317651,USA
1985-02-01,,,34272.4131248201,48.6114773532426,USA
1985-03-01,,,35493.0107229967,48.7949168904247,USA
1985-04-01,,,35493.0344629353,49.0242163119022,USA
1985-05-01,,,35782.0751663192,49.2076558490843,USA
1985-06-01,,,36087.3046759573,49.3452355019708,USA
1985-07-01,,,37070.8635448868,49.4369552705619,USA
1985-08-01,,,37153.6243684254,49.5286750391529,USA
1985-09-01,,,38293.9950314112,49.6662546920394,USA
1985-10-01,,,41656.7270934694,49.8496942292215,USA
1985-11-01,,,42850.7047531593,49.987273882108,USA
1985-12-01,,,43185.4222319859,50.1248535349945,USA
1986-01-01,,,43672.4643710346,50.2624331878811,USA
1986-02-01,,,45504.3730249546,50.1248535349945,USA
1986-03-01,,,44918.5903156409,49.895554113517,USA
1986-04-01,,,46491.9461410915,49.803834344926,USA
1986-05-01,,,45249.1551018542,49.9414139978125,USA
1986-06-01,,,46594.6264528209,50.2165733035855,USA
1986-07-01,,,47430.0209047785,50.2165733035855,USA
1986-08-01,,,48161.2765454151,50.3082930721766,USA
1986-09-01,,,48086.703878076,50.5375924936541,USA
1986-10-01,,,47088.7680751843,50.5834523779496,USA
1986-11-01,,,47824.6093144848,50.6293122622452,USA
1986-12-01,,,48516.4847283892,50.6751721465407,USA
1987-01-01,,,49386.8444669794,50.9961913366093,USA
1987-02-01,,,49359.9844251726,51.1796308737913,USA
1987-03-01,,,48823.9468649961,51.4089302952689,USA
1987-04-01,,,46591.7877315359,51.6840896010419,USA
1987-05-01,,,45912.9199099389,51.867529138224,USA
1987-06-01,,,45139.5070163331,52.050968675406,USA
1987-07-01,,,44318.3370674033,52.1885483282926,USA
1987-08-01,,,45914.5265608028,52.4637076340656,USA
1987-09-01,,,45070.6217513148,52.7388669398387,USA
1987-10-01,,,46200.4973908448,52.8764465927252,USA
1987-11-01,,,46779.1642235991,52.9223064770208,USA
1987-12-01,,,45798.2972378669,52.9223064770208,USA
1988-01-01,,,42954.416593791,53.0598861299073,USA
1988-02-01,,,43063.9884314392,53.1974657827938,USA
1988-03-01,,,43185.9978913197,53.4267652042714,USA
1988-04-01,,,42730.0548134819,53.7019245100445,USA
1988-05-01,,,41948.6450613493,53.8853640472265,USA
1988-06-01,,,41027.8217562254,54.1146634687041,USA
1988-07-01,,,43875.8454078722,54.3439628901816,USA
1988-08-01,,,47778.6531064421,54.5732623116592,USA
1988-09-01,,,47787.9657272633,54.9401413860233,USA
1988-10-01,,,50204.3343113635,55.1235809232053,USA
1988-11-01,,,48943.466353314,55.1694408075008,USA
1988-12-01,,,47801.6527835718,55.2611605760919,USA
1989-01-01,,,48190.020712619,55.5363198818649,USA
1989-02-01,,,49372.8277830638,55.7656193033425,USA
1989-03-01,,,49854.249298706,56.0866384934111,USA
1989-04-01,,,50303.485987484,56.4535175677752,USA
1989-05-01,,,54940.5489366995,56.7745367578438,USA
1989-06-01,,,60503.4125037391,56.9121164107303,USA
1989-07-01,,,63462.2105059868,57.0496960636168,USA
1989-08-01,,,62363.8459917978,57.1414158322078,USA
1989-09-01,,,68417.4957446536,57.3248553693899,USA
1989-10-01,,,70808.6893608321,57.600014675163,USA
1989-11-01,,,72559.7516514932,57.7375943280495,USA
1989-12-01,,,74608.6332693773,57.8293140966405,USA
1990-01-01,,,75506.361462393,58.4254925924822,USA
1990-02-01,,,74173.5248679896,58.7006518982553,USA
1990-03-01,,,76303.0285402087,59.0216710883238,USA
1990-04-01,,,76283.2106099483,59.1133908569149,USA
1990-05-01,,,77028.3668376652,59.2509705098014,USA
1990-06-01,,,77298.8432535479,59.57198969987,USA
1990-07-01,,,77906.2866468195,59.8012891213475,USA
1990-08-01,,,78908.8383573794,60.3516077328937,USA
1990-09-01,,,80024.1661328505,60.8560664601443,USA
1990-10-01,,,82852.1965317919,61.2229455345084,USA
1990-11-01,,,83059.4027736163,61.3605251873949,USA
1990-12-01,,,83316.2146078445,61.3605251873949,USA
